filename,text
1.png,W5555
2.png,K7898
3.png,jJ5966
4.png,S2850
5.png,T1545
6.png,Y7151
7.png,P2057
8.png,C2424
9.png,X3070
10.png,C6684
11.png,Q9438
12.png,D652
13.png,N6427
14.png,F7482
15.png,F4465
16.png,T3790
17.png,F4232
18.png,H2633
19.png,X8564
20.png,V7492
21.png,X4747
22.png,Ks08s1
23.png,M8692
24.png,W4108
25.png,R7591
26.png,F1903
27.png,Y5649
28.png,C1586
29.png,G1046
30.png,U1344
31.png,L1865
32.png,Z8796
33.png,M1151
34.png,R3122
35.png,W7249
36.png,E8526
37.png,T1319
38.png,G4099
39.png,P9035
40.png,T6754
41.png,D6828
42.png,D3615
43.png,R6574
44.png,W1558
45.png,B3298
46.png,H6054
47.png,C8264
48.png,N9194
49.png,B1342
50.png,Z4406
51.png,X323
52.png,M4118
53.png,Ds910
54.png,wo94sl1
55.png,E2544
56.png,E3372
57.png,R4975
58.png,K7994
59.png,U2259
60.png,L4916
61.png,B5253
62.png,Z1905
63.png,S1799
64.png,H9611
65.png,V6560
66.png,V7273
67.png,V2708
68.png,C405
69.png,J9524
70.png,x9318
71.png,Y4035
72.png,V7966
73.png,C2194
74.png,M5487
75.png,Q756
76.png,G8947
77.png,R822
78.png,U6893
79.png,c2818
80.png,D1521
81.png,N1767
82.png,L672
83.png,ws029
84.png,N9442
85.png,L6462
86.png,Y1294
87.png,C7920
88.png,M7283
89.png,A7909
90.png,G1999
91.png,K3312
92.png,Y5382
93.png,G483
94.png,T5644
95.png,W7207
96.png,K3826
97.png,U8760
98.png,Xx4441
99.png,W7134
100.png,A6581
101.png,E7247
102.png,A737
103.png,X1059
104.png,U4913
105.png,S2868
106.png,Y3882
107.png,Y7393
108.png,U3053
109.png,H3250
125.png,V2820
126.png,G7142
127.png,R127
128.png,A7824
129.png,G4428
130.png,L7723
131.png,S8382
132.png,Ss96
133.png,B3973
134.png,Q4697
135.png,D1489
136.png,B6020
137.png,T2000
138.png,A879
139.png,N1593
140.png,J6432
141.png,V1333
142.png,K4771
143.png,A8247
144.png,F3467
145.png,Q3459
146.png,D2692
147.png,F1764
148.png,T7707
149.png,S1365
150.png,D5806
151.png,U5640
152.png,G9984
153.png,P4010
154.png,V798
155.png,J5241
156.png,P630
157.png,K5025
158.png,21383
159.png,U828
160.png,C1335
161.png,V4745
162.png,G2735
163.png,E2355
164.png,Q4061
165.png,R7062
166.png,S277
167.png,V320
168.png,M3124
169.png,N9993
170.png,P4331
171.png,U4380
172.png,W1232
173.png,L1289
174.png,jJ8978
175.png,V1163
176.png,M7820
177.png,Vv9090
178.png,E3674
179.png,B709
180.png,N5127
181.png,Z1392
182.png,Bs048
183.png,T7798
184.png,Y6060
185.png,X4606
186.png,T481
187.png,c4101
188.png,E5274
189.png,P9808
190.png,N6320
191.png,Z5815
192.png,X87
193.png,D7177
194.png,V6432
195.png,F5587
196.png,H5852
197.png,H6899
198.png,G6327
199.png,P7888
200.png,B6660
201.png,U5224
202.png,S472
203.png,Q1808
204.png,J4639
205.png,U5313
206.png,A9496
207.png,jJ2949
208.png,X4076
209.png,Z8452
210.png,Y834
211.png,Y8092
212.png,E4045
213.png,L2123
214.png,D8759
215.png,L6004
216.png,W9304
217.png,T9541
218.png,F2305
219.png,F2597
220.png,K6544
221.png,H4390
222.png,U9926
223.png,C4992
224.png,28786
225.png,U3452
226.png,U773
227.png,R667
228.png,P2166
229.png,H1012
230.png,W3645
231.png,Y9076
232.png,N9314
233.png,E5221
234.png,B7585
235.png,P2713
236.png,P8349
237.png,U5724
238.png,X3532
239.png,T8077
240.png,L8397
241.png,M3570
242.png,C9286
243.png,P6766
244.png,F1002
245.png,V2366
246.png,R7391
247.png,Y2034
248.png,x9070
249.png,X8639
250.png,D1592
251.png,G7332
252.png,Z1902
253.png,V1314
254.png,Y5082
255.png,D8789
256.png,Y8544
257.png,R6335
258.png,S5243
259.png,T25
260.png,K2154
261.png,L7492
262.png,H4516
263.png,Fells
264.png,D4747
265.png,T792
266.png,Z5562
267.png,T5781
268.png,D6988s
269.png,A800
270.png,G8459
271.png,R3509
272.png,C2841
273.png,S6310
274.png,P1863
275.png,F8215
276.png,Wws976
277.png,P1705
278.png,D5796
279.png,L687
280.png,S2247
281.png,X2889
282.png,R9907
283.png,U297
284.png,S8551
285.png,W7837
286.png,D1791
287.png,S9273
288.png,X4281
289.png,S8570
290.png,R6304
291.png,A2311
292.png,W2576
293.png,T2324
294.png,A138
295.png,N4929
296.png,X2768
297.png,W5250
298.png,H1339
299.png,L3906
300.png,R3701
301.png,F237
302.png,G7968
303.png,P6255
304.png,X2319
305.png,V8404
306.png,N4529
307.png,M436
308.png,L9743
309.png,N7465
310.png,T8670
311.png,P934
312.png,Y7716
313.png,L5669
314.png,M7265
315.png,Vv192
316.png,R6402
317.png,jJ7901
318.png,Y7867
319.png,V8s09
320.png,L3749
321.png,Y1998
322.png,M8104
323.png,R2514
324.png,M663
325.png,B5346
326.png,U1655
327.png,X4934
328.png,N4322
329.png,Z315
330.png,W3704
331.png,X2445
332.png,P7672
333.png,A1312
334.png,j1198
335.png,G71
336.png,C1267
337.png,N3050
338.png,P9830
339.png,G9718
340.png,V5057
341.png,D1849
342.png,M7841
343.png,S5875
344.png,c6291
345.png,R5016
346.png,D1391
347.png,G9467
348.png,Y9823
349.png,C2241
350.png,D2416
351.png,Tell
352.png,S4534
353.png,N8181
354.png,S968
355.png,T1723
356.png,S8504
357.png,D9145
358.png,S1541
359.png,H2552
360.png,G1026
361.png,U1265
362.png,Y1061
363.png,R1569
364.png,M7251
365.png,T523
366.png,26683
367.png,Z2430
368.png,A6214
369.png,E4151
370.png,L9571
371.png,S5052
372.png,A7128
373.png,W9385
374.png,V2926
375.png,R8920
376.png,H6079
377.png,G4949
378.png,T6601
379.png,K7985
380.png,N4275
381.png,S4567
382.png,T3280
383.png,X4827
384.png,Z9630
385.png,Q4852
386.png,Q6037
387.png,M6370
388.png,C4065
389.png,J9207
390.png,Dbeo1s8
391.png,R1700
392.png,R848
393.png,G8642
394.png,H2164
395.png,L115
396.png,T8146
397.png,L8352
398.png,D2140
399.png,V2348
400.png,S5425
401.png,A2371
402.png,T1791
403.png,D1294
404.png,U7742
405.png,S6290
406.png,T6423
407.png,22874
408.png,L7212
409.png,V9658
410.png,Z7526
411.png,D3000
412.png,Q3774
413.png,Vv6079
414.png,R2380
415.png,M70
416.png,U1831
417.png,wi1913
418.png,T3613
419.png,Y5046
420.png,L9409
421.png,E4287
422.png,C1734
423.png,X1692
424.png,T9959
425.png,R3056
426.png,R2247
427.png,L1766
428.png,T7629
429.png,B5551
430.png,A4562
431.png,Q6361
432.png,P5019
433.png,G8309
434.png,E7935
435.png,Y9755
436.png,U9223
437.png,C3935
438.png,R5362
439.png,C5177
440.png,U6762
441.png,L2880
442.png,Z5531
443.png,H3241
444.png,S3059
445.png,B4218
446.png,A7389
447.png,X6379
448.png,H4506
449.png,H2731
450.png,G4726
451.png,L5178
452.png,H2594
453.png,R5073
454.png,A5860
455.png,L7921
456.png,V4025
457.png,N1030
458.png,V490
459.png,K355
460.png,B2553
461.png,G3156
462.png,F7809
463.png,H8649
464.png,W3967
465.png,F7890
466.png,K7385
467.png,B2165
468.png,Q5361
469.png,N8495
470.png,Qsss5
471.png,X1368
472.png,Wwe6608
473.png,B1964
474.png,U9306
475.png,P5639
476.png,K7343
477.png,M1400
478.png,J930
479.png,V4520
480.png,L606
481.png,Z895
482.png,T7396
483.png,ws90
484.png,W7789
485.png,D1044
486.png,R4660
487.png,R7155
488.png,Y8995
489.png,T6994
490.png,K6372
491.png,A2891
492.png,Y2770
493.png,X4866
494.png,F7002
495.png,Z9521
496.png,D3814
497.png,V9553
498.png,Y7125
499.png,Y5369
500.png,S6871
501.png,Y276
502.png,F987
503.png,F9169
504.png,M3389
505.png,P5201
506.png,H8157
507.png,W8966
508.png,E4902
509.png,E8111
510.png,x1421
511.png,H3814
512.png,jJ1620
513.png,X1226
514.png,Q1359
515.png,Y72
516.png,F3037
517.png,Y2668
518.png,Y5483
519.png,C1185
520.png,Z5370
521.png,R2564
522.png,W8626
523.png,V9232
524.png,A3206
525.png,E8291
526.png,V927
527.png,W8656
528.png,T5438
529.png,P8916
530.png,M3705
531.png,G4904
532.png,R8503
533.png,D4536
534.png,A478
535.png,H2903
536.png,W1666
537.png,s9811
538.png,E8050
539.png,C8768
540.png,L8378
541.png,jJ3084
542.png,M9002
543.png,U2160
544.png,L9315
545.png,G6138
546.png,L1930
547.png,F8501
548.png,K7832
549.png,c8718
550.png,24394
551.png,S9223
552.png,S6130
553.png,U8406
554.png,V3086
555.png,J4526
556.png,S9976
557.png,H1058
558.png,X7879
559.png,U9731
560.png,X3056
561.png,S92
562.png,D7923
563.png,H771
564.png,T168
565.png,X4842
566.png,T9648
567.png,22361
568.png,H6sll
569.png,Q2424
570.png,A7644
571.png,N5113
572.png,L3445
573.png,A6916
574.png,jJ9249
575.png,jJ4012
576.png,Q2045
577.png,C3633
578.png,N2300
579.png,J9852
580.png,F2645
581.png,H305
582.png,Y4486
583.png,Q9532
584.png,D1257
585.png,M1411
586.png,G9291
587.png,P3565
588.png,P4114
589.png,E5790
590.png,jJ7988
591.png,D2735
592.png,S9165
593.png,K8471
594.png,Z8893
595.png,V72
596.png,A5187
597.png,jJ3006
598.png,Lss14
599.png,Y47
600.png,Y7056
601.png,G257
602.png,R6740
603.png,L1745
604.png,Q9117
605.png,L8109
606.png,P6319
607.png,j125
608.png,M5037
609.png,K7858
610.png,T2901
611.png,M356
612.png,T1881
613.png,A992
614.png,D3029
615.png,Q1391
616.png,E7503
617.png,C7352
618.png,V8490
619.png,A148
620.png,Q2152
621.png,P7600
622.png,J9975
623.png,X4436
624.png,C1155
625.png,P6712
626.png,C7715
627.png,H1968
628.png,X7675
629.png,P6099
630.png,P1045
631.png,T7162
632.png,P9297
633.png,C5007
634.png,L458
635.png,H1290
636.png,Q1787
637.png,Fe962
638.png,G5244
639.png,N9948
640.png,E832
641.png,Y2504
642.png,G5427
643.png,S7589
644.png,X3897
645.png,L7499
646.png,F5093
647.png,G8603
648.png,V5937
649.png,x9sl1
650.png,N8236
651.png,De791
652.png,B2221
653.png,24817
654.png,X222
655.png,H380
656.png,M9083
657.png,P9409
658.png,W403
659.png,W7183
660.png,Q196
661.png,H7109
662.png,B4218
663.png,V7980
664.png,H5443
665.png,V7909
666.png,xX9496
667.png,Q7793
668.png,Cc6s03
669.png,B1246
670.png,E1045
671.png,T796
672.png,L1376
673.png,U8255
674.png,V4367
675.png,V4634
676.png,C1381
677.png,G158
678.png,K59
679.png,G2911
680.png,Y2095
681.png,N2781
682.png,H8041
683.png,V5943
684.png,J7902
685.png,Z4059
686.png,L819
687.png,P7342
688.png,U6565
689.png,S42
690.png,V5943
691.png,B3239
692.png,U6871
693.png,S9775
694.png,C329
695.png,M7031
696.png,A7709
697.png,C4382
698.png,X1175
699.png,C6023
700.png,C2837
701.png,K4282
702.png,S5579
703.png,D9572
704.png,S7783
705.png,V3364
706.png,L9094
707.png,E8447
708.png,jJ5015
709.png,Q9310
710.png,jJ702
711.png,L4772
712.png,C5009
713.png,W5382
714.png,M7766
715.png,Z9210
716.png,J3447
717.png,P5828
718.png,Y4619
719.png,Y994
720.png,H1411
721.png,U3130
722.png,c9093
723.png,R8814
724.png,T8035
725.png,Q2981
726.png,G4405
727.png,Y154
728.png,J2930
729.png,H6877
730.png,Z9995
731.png,T8552
732.png,A7596
733.png,L2778
734.png,N5472
735.png,E5427
736.png,C6309
737.png,Q8546
738.png,G3872
739.png,J9524
740.png,Y3291
741.png,L8615
742.png,G5515
743.png,P6407
744.png,L3139
745.png,U2168
746.png,Uu9914
747.png,X7650
748.png,L1762
749.png,M6160
750.png,X5859
751.png,X4305
752.png,C8170
753.png,X2111
754.png,D398
755.png,P1846
756.png,F1042
757.png,D3103
758.png,E131
759.png,A2481
760.png,S5657
761.png,R3992
762.png,K8125
763.png,C8427
764.png,P636
765.png,jJ5942
766.png,S2688
767.png,W2670
768.png,E6414
769.png,G454
770.png,C8086
771.png,H5040
772.png,J7472
773.png,U1745
774.png,C4345
775.png,V8586
776.png,K814
777.png,Z5669
778.png,F5905
779.png,U1985
780.png,D3570
781.png,W947
782.png,x1943
783.png,B4859
784.png,M4053
785.png,X5947
786.png,X6877
787.png,A7412
788.png,Q1648
789.png,L5266
790.png,E4558
791.png,ws49l1
792.png,x6191
793.png,M5002
794.png,V8752
795.png,E2838
796.png,M5041
797.png,Y8537
798.png,K6o0s1
799.png,W3979
800.png,Nso9
801.png,G1706
802.png,D7488
803.png,M1476
804.png,B7182
805.png,Y1885
806.png,Y6551
807.png,G134
808.png,w9416
809.png,A185
810.png,X5415
811.png,Z8585
812.png,F4413
813.png,R7104
814.png,P3898
815.png,D6774
816.png,Y3878
817.png,Z6695
818.png,G4179
819.png,Q95
820.png,G6755
821.png,R2806
822.png,E6358
823.png,W4627
824.png,Q5199
825.png,L7822
826.png,R5375
827.png,M338
828.png,D7877
829.png,C1099
830.png,D1006
831.png,R1129
832.png,C5835
833.png,S262
834.png,2439
835.png,P6702
836.png,H3297
837.png,P3541
838.png,S2087
839.png,N4285
840.png,X7749
841.png,W7221
842.png,V5148
843.png,N6773
844.png,S8112
845.png,Q7255
846.png,R9663
847.png,L8254
848.png,V806
849.png,K6688
850.png,K4291
851.png,V7724
852.png,F5134
853.png,S3899
854.png,P1114
855.png,G2721
856.png,C7900
857.png,R8885
858.png,P7712
859.png,26288
860.png,B8s939
861.png,T2335
862.png,23130
863.png,H798
864.png,H9858
865.png,A504
866.png,U5817
867.png,M7018
868.png,E5787
869.png,U4715
870.png,E8203
871.png,W5496
872.png,G6490
873.png,G8553
874.png,R4768
875.png,E6969
876.png,A9444
877.png,J5475
878.png,E3979
879.png,M9614
880.png,M1477
881.png,H1284
882.png,U2350
883.png,Wws5s781
884.png,E4579
885.png,B9224
886.png,C2159
887.png,P9763
888.png,w9042
889.png,M7904
890.png,G8564
891.png,Z5608
892.png,P2222
893.png,T3087
894.png,B9931
895.png,G2343
896.png,F5848
897.png,M813
898.png,X8443
899.png,F6470
900.png,K1876
901.png,B261
902.png,A8922
903.png,24536
904.png,j1491
905.png,Y4246
906.png,H2061
907.png,jJ802
908.png,Q7321
909.png,A154
910.png,N5522
911.png,K9933
912.png,V7489
913.png,F5035
914.png,P9497
915.png,L931
916.png,T7757
917.png,R3025
918.png,F1581
919.png,E2661
920.png,R4733
921.png,M1624
922.png,H2155
923.png,K421
924.png,E9420
925.png,X2010
926.png,P1760
927.png,X3021
928.png,A9717
929.png,S5898
930.png,K5648
931.png,S1343
932.png,V1683
933.png,Y2725
934.png,H2362
935.png,K7553
936.png,S4179
937.png,M6802
938.png,M638
939.png,D1160
940.png,D9903
941.png,M7674
942.png,D4320
943.png,G9592
944.png,A6167
945.png,G3771
946.png,Y9708
947.png,A6084
948.png,A6680
949.png,L8094
950.png,L5724
951.png,P923
952.png,N4411
953.png,W1487
954.png,E9132
955.png,A2287
956.png,L9017
957.png,Y4311
958.png,M7536
959.png,G1774
960.png,V7610
961.png,H6684
962.png,A3075
963.png,X8439
964.png,Ms990
965.png,D864
966.png,Y9025
967.png,M2365
968.png,Vv9120
969.png,V64
970.png,G4806
971.png,Z1095
972.png,Z2016
973.png,Y8112
974.png,Q3116
975.png,E5589
976.png,Z2063
977.png,K8474
978.png,R5157
979.png,B4642
980.png,X2315
981.png,Y9635
982.png,R2482
983.png,J4836
984.png,G88s51
985.png,Y2494
986.png,C897
987.png,R3522
988.png,B4625
989.png,J4251
990.png,B2326
991.png,C9627
992.png,T452
993.png,K3357
994.png,L8205
995.png,T4859
996.png,D2024
997.png,E5274
998.png,F5979
999.png,jJ208
1000.png,Xx9798
1001.png,Q741
1002.png,F5400
1003.png,T8369
1004.png,H7626
1005.png,S5117
1006.png,M4490
1007.png,D1414
1008.png,H3861
1009.png,P5722
1010.png,K5512
1011.png,Z2592
1012.png,U7924
1013.png,W8855
1014.png,F485
1015.png,M3929
1016.png,P2700
1017.png,Ms60
1018.png,L3287
1019.png,F4199
1020.png,x9441
1021.png,Q7311
1022.png,L3922
1023.png,K6122
1024.png,S2363
1025.png,H8771
1026.png,V3243
1027.png,wsssl
1028.png,A3338
1029.png,ws9689
1030.png,B8359
1031.png,Z1804
1032.png,G7466
1033.png,S3005
1034.png,F4737
1035.png,X5653
1036.png,M1292
1037.png,P6096
1038.png,wes96
1039.png,G5502
1040.png,R2362
1041.png,H8037
1042.png,V570
1043.png,T9406
1044.png,H5344
1045.png,A6722
1046.png,G7323
1047.png,B733
1048.png,M7984
1049.png,L60ss
1050.png,C1087
1051.png,Q2032
1052.png,H3044
1053.png,D4127
1054.png,N7283
1055.png,D2318
1056.png,T5437
1057.png,X8425
1058.png,S689
1059.png,C8293
1060.png,F6647
1061.png,W309
1062.png,S6459
1063.png,R4867
1064.png,C8345
1065.png,B9304
1066.png,V6183
1067.png,S6783
1068.png,Ww1600
1069.png,G3316
1070.png,A2850
1071.png,K1418
1072.png,P5574
1073.png,W4790
1074.png,L9047
1075.png,j124
1076.png,A5196
1077.png,N2325
1078.png,H4261
1079.png,X4538
1080.png,T3797
1081.png,U38
1082.png,L4989
1083.png,S9584
1084.png,X7999
1085.png,E6128
1086.png,F200
1087.png,B1759
1088.png,U6007
1089.png,L8768
1090.png,G4824
1091.png,X2112
1092.png,F1531
1093.png,D3839
1094.png,A9967
1095.png,K3880
1096.png,J8266
1097.png,P3373
1098.png,U1793
1099.png,Y2695
1100.png,P3852
1101.png,A7894
1102.png,Q7104
1103.png,A1816
1104.png,G8684
1105.png,J3971
1106.png,H4725
1107.png,V3420
1108.png,Y8538
1109.png,L3391
1110.png,P3115
1111.png,B9816
1112.png,D2688
1113.png,J5391
1114.png,L8546
1115.png,H626
1116.png,J3510
1117.png,Y5894
1118.png,B114
1119.png,T2801
1120.png,V2168
1121.png,D8649
1122.png,H4000
1123.png,K9799
1124.png,X4055
1125.png,W7575
1126.png,M3486
1127.png,C508
1128.png,U1691
1129.png,Z1675
1130.png,H9269
1131.png,M8555
1132.png,U6710
1133.png,F2171
1134.png,Q9279
1135.png,U8790
1136.png,S9616
1137.png,X5098
1138.png,G6862
1139.png,S7756
1140.png,F2356
1141.png,U1991
1142.png,L8197
1143.png,K5908
1144.png,U3389
1145.png,L1300
1146.png,P6226
1147.png,S7765
1148.png,D829
1149.png,jJ774
1150.png,G9224
1151.png,Z429
1152.png,A1694
1153.png,U6076
1154.png,P50
1155.png,U5122
1156.png,F9645
1157.png,H8236
1158.png,Q4342
1159.png,G8164
1160.png,S7767
1161.png,J6751
1162.png,V2703
1163.png,W5125
1164.png,L6948
1165.png,G9469
1166.png,R982
1167.png,W2417
1168.png,Y259
1169.png,Fe1lss
1170.png,X6830
1171.png,F2845
1172.png,25382
1173.png,T6628
1174.png,V3592
1175.png,P6709
1176.png,E2375
1177.png,X6655
1178.png,N671
1179.png,V637
1180.png,S4943
1181.png,N1163
1182.png,D8282
1183.png,E803
1184.png,jJ260
1185.png,M5120
1186.png,K6708
1187.png,Y6274
1188.png,De6egl1
1189.png,Q6859
1190.png,H6344
1191.png,C9526
1192.png,X1410
1193.png,Z1057
1194.png,Y2773
1195.png,H7374
1196.png,B5439
1197.png,F8756
1198.png,A1736
1199.png,w46
1200.png,K7651
1201.png,A2188
1202.png,j183
1203.png,X3857
1204.png,T4336
1205.png,R8351
1206.png,B3651
1207.png,S1280
1208.png,X6139
1209.png,L4084
1210.png,W5247
1211.png,T199
1212.png,V2738
1213.png,Y4253
1214.png,L6511
1215.png,N8169
1216.png,K5330
1217.png,A3489
1218.png,R2612
1219.png,T3533
1220.png,W1746
1221.png,N5547
1222.png,D5495
1223.png,jJ6054
1224.png,K4242
1225.png,jJ2412
1226.png,K1539
1227.png,R8119
1228.png,A1119
1229.png,jJ5186
1230.png,J6552
1231.png,C9160
1232.png,26863
1233.png,M8732
1234.png,M4869
1235.png,A6700
1236.png,F3548
1237.png,Q9086
1238.png,Y3392
1239.png,S6937
1240.png,M7655
1241.png,F858
1242.png,S4085
1243.png,W6320
1244.png,B9451
1245.png,S2169
1246.png,N6807
1247.png,N8871
1248.png,jJ6978
1249.png,U457
1250.png,S8803
1251.png,G1371
1252.png,L5815
1253.png,Y5318
1254.png,A9447
1255.png,F2673
1256.png,E7795
1257.png,S4758
1258.png,F3397
1259.png,Y1967
1260.png,Q1192
1261.png,N4644
1262.png,T9716
1263.png,N7991
1264.png,K6449
1265.png,B5106
1266.png,H8884
1267.png,Y7653
1268.png,jJ2765
1269.png,G1186
1270.png,U7041
1271.png,V8042
1272.png,Z4076
1273.png,R8048
1274.png,F9252
1275.png,L9540
1276.png,H5711
1277.png,Y7654
1278.png,Q603
1279.png,M8548
1280.png,R2752
1281.png,W6685
1282.png,D7423
1283.png,E2762
1284.png,H4615
1285.png,Q7787
1286.png,S4703
1287.png,C4178
1288.png,K4337
1289.png,F3712
1290.png,W9367
1291.png,W652
1292.png,R1992
1293.png,S7778
1294.png,N9509
1295.png,Q508
1296.png,T8635
1297.png,U6086
1298.png,T1011
1299.png,G176
1300.png,T9584
1301.png,B3871
1302.png,A8048
1303.png,S1242
1304.png,G606
1305.png,L55
1306.png,Y9485
1307.png,U6287
1308.png,J4347
1309.png,K9362
